group,path,before_status,after_status,before_browser_ttfb_ms,after_browser_ttfb_ms,browser_ttfb_improvement_pct,before_fcp_ms,after_fcp_ms,fcp_improvement_pct,before_lcp_ms,after_lcp_ms,lcp_improvement_pct,before_cls,after_cls,cls_delta,before_tbt_approx_ms,after_tbt_approx_ms,tbt_approx_improvement_pct,before_transfer_bytes,after_transfer_bytes,transfer_improvement_pct,before_request_count,after_request_count,request_count_delta,before_http_median_ttfb_ms,after_http_median_ttfb_ms,http_median_ttfb_improvement_pct,before_http_median_total_ms,after_http_median_total_ms,http_median_total_improvement_pct,before_http_median_html_bytes,after_http_median_html_bytes,http_median_html_improvement_pct,before_effective_url,after_effective_url
sitemap,/,200,200,343,206.6,39.7668,1736,1628,6.2212,5220,3104,40.5364,0.0001,0.0001,0,0,0,,5475437,4926529,10.0249,114,92,-22,672.6,590.7,12.1766,1047.7,950.0999999999999,9.3156,60782,46105,24.147,https://aoe2war.com/,https://aoe2war.com/
sitemap,/academy,200,200,1016.4,213.4,79.0043,2036,1136,44.2043,8912,15596,-75,0.0002,0.0002,0,0,0,,3633649,2691103,25.9394,65,38,-27,1719.5,868.1,49.5144,1896.4,1884.7,0.617,21695,17031,21.498,https://aoe2war.com/academy,https://aoe2war.com/academy
sitemap,/ai,200,200,220.3,188,14.6618,1456,1372,5.7692,1456,1380,5.2198,0.0001,0.0001,0,0,0,,738523,587093,20.5044,59,32,-27,597.8,734.8,-22.9174,786,922,-17.3028,15723,10459,33.4796,https://aoe2war.com/ai,https://aoe2war.com/ai
sitemap,/battle-archive,200,200,889.6,204.4,77.0234,2720,1188,56.3235,2720,1436,47.2059,0.0001,0.0001,0,0,0,,788715,445765,43.4821,66,38,-28,1279.5,637,50.2149,1652,1513.6000000000001,8.3777,62168,56688,8.8148,https://aoe2war.com/battle-archive,https://aoe2war.com/battle-archive
sitemap,/bets,200,200,196.2,247.9,-26.3507,1976,1464,25.9109,1976,1600,19.0283,0.0001,0.0001,0,0,0,,979804,872028,10.9998,64,43,-21,569.1,576.9,-1.3706,758.3,756.6,0.2242,16441,9927,39.6205,https://aoe2war.com/bets,https://aoe2war.com/bets
sitemap,/betting-mechanics,200,200,190.1,202.1,-6.3125,2328,1200,48.4536,2328,1200,48.4536,0.0001,0.0001,0,0,0,,711017,616540,13.2876,60,40,-20,576,573.3000000000001,0.4687,762.9,577.8,24.2627,16552,9490,42.6655,https://aoe2war.com/betting-mechanics,https://aoe2war.com/betting-mechanics
sitemap,/bounties,200,200,239.1,196.5,17.8168,2496,1220,51.1218,4352,2700,37.9596,0.0001,0.0001,0,0,0,,1679331,1283036,23.5984,57,40,-17,620,592.9,4.371,804.1,781.3,2.8355,38568,33228,13.8457,https://aoe2war.com/bounties,https://aoe2war.com/bounties
sitemap,/challenge,200,200,207,243.2,-17.4879,880,2184,-148.1818,880,2184,-148.1818,0.0001,0.0001,0,0,0,,770888,634879,17.6432,64,42,-22,610,583.5,4.3443,795.2,753.4,5.2565,16050,9978,37.8318,https://aoe2war.com/challenge,https://aoe2war.com/challenge
sitemap,/champions,200,200,1067.1,204.6,80.8265,2920,1244,57.3973,2920,1772,39.3151,0.0001,0.0001,0,0,0,,1229250,1250463,-1.7257,51,50,-1,1709.8,577.3000000000001,66.2358,1900.8,1477.6000000000001,22.2643,41738,36733,11.9915,https://aoe2war.com/champions,https://aoe2war.com/champions
sitemap,/clans,200,200,615.2,203.6,66.9051,2248,988,56.0498,2248,1348,40.0356,0.0001,0.0001,0,0,0,,885340,732070,17.312,68,41,-27,603.1,585.4,2.9348,782.5999999999999,771.7,1.3928,19411,14354,26.0522,https://aoe2war.com/clans,https://aoe2war.com/clans
sitemap,/download,200,200,201.5,207.1,-2.7792,3292,6180,-87.7278,6548,6360,2.8711,0.0001,0.0001,0,0,0,,3000989,2358907,21.3957,65,38,-27,571.1,573.5,-0.4202,760.6,759.1,0.1972,16893,10474,37.998,https://aoe2war.com/download,https://aoe2war.com/download
sitemap,/forum,200,200,230.1,215.7,6.2581,1476,1252,15.1762,1476,1292,12.4661,0.0054,0.0054,0,0,0,,814127,661956,18.6913,69,43,-26,600.7,584.5,2.6969,786.5999999999999,767.2,2.4663,20140,14615,27.433,https://aoe2war.com/forum,https://aoe2war.com/forum
sitemap,/game-stats,200,200,303,235.2,22.3762,2724,1068,60.793,5380,23224,-331.6729,0.0001,0.1923,0.1922,0,0,,3290972,3137220,4.6719,62,37,-25,619.1,586.7,5.2334,806,786,2.4814,33007,27368,17.0843,https://aoe2war.com/game-stats,https://aoe2war.com/game-stats
sitemap,/kingdom,200,200,196.7,211.6,-7.575,1628,1524,6.3882,1628,1524,6.3882,0.0001,0.0001,0,0,0,,894947,573133,35.959,64,37,-27,601.1,586.0999999999999,2.4954,788.8,764.9,3.0299,30005,24019,19.95,https://aoe2war.com/kingdom,https://aoe2war.com/kingdom
sitemap,/leaderboard,200,200,858,205.6,76.0373,2352,1428,39.2857,2352,1520,35.3741,0.0001,0.0023,0.0022,0,0,,829520,489658,40.9709,68,40,-28,1297.3,598,53.9043,1487,1501.2,-0.9549,30556,25245,17.3812,https://aoe2war.com/leaderboard,https://aoe2war.com/leaderboard
sitemap,/leaderboard/og,200,200,264.9,200.6,24.2733,1420,1340,5.6338,1420,1340,5.6338,0.0001,0.0001,0,0,0,,708343,414976,41.416,56,35,-21,654.6999999999999,597.0999999999999,8.7979,843.1999999999999,784.3,6.9853,23624,17893,24.2592,https://aoe2war.com/leaderboard/og,https://aoe2war.com/leaderboard/og
sitemap,/live-games,200,200,215.7,212.6,1.4372,1204,1200,0.3322,1204,1416,-17.608,0.0073,0,-0.0073,0,0,,1019106,916239,10.0938,59,50,-9,617.1,608.8,1.345,799.5,1109.1,-38.7242,30903,26863,13.0732,https://aoe2war.com/live-games,https://aoe2war.com/live-games
sitemap,/lobby,200,200,2265.4,2172.2,4.1141,3272,2808,14.1809,3272,4672,-42.7873,0.0267,0.0001,-0.0266,34,0,100,1221492,5306691,-334.4434,92,101,9,632.9,608.3,3.8869,951.8,959.9,-0.851,39258,46115,-17.4665,https://aoe2war.com/lobby,https://aoe2war.com/lobby
sitemap,/market,200,200,3025.9,1099.2,63.6736,4500,1936,56.9778,4500,2464,45.2444,0.0001,0.0001,0,0,0,,920394,599617,34.8521,63,36,-27,583.4,958,-64.2098,771.5999999999999,1145.6,-48.4707,27896,21301,23.6414,https://aoe2war.com/market,https://aoe2war.com/market
sitemap,/national-champions,200,200,190.8,187.3,1.8344,3724,4824,-29.5381,3724,4824,-29.5381,0.0001,0.0001,0,0,0,,12397865,7904640,36.2419,67,41,-26,580.4,573.8,1.1371,769.2,761.7,0.975,23354,17002,27.1988,https://aoe2war.com/national-champions,https://aoe2war.com/national-champions
sitemap,/players,200,200,1100,200,81.8182,2356,1156,50.9338,2356,1240,47.3684,0.0001,0.0274,0.0273,0,0,,753503,600005,20.3713,62,37,-25,1403.7,591.7,57.8471,1593,1550.4,2.6742,27579,21774,21.0486,https://aoe2war.com/players,https://aoe2war.com/players
sitemap,/radio,200,200,221.8,204.4,7.8449,1336,1004,24.8503,1336,1020,23.6527,0.0001,0.0001,0,0,0,,744604,591759,20.527,60,34,-26,594.0999999999999,575.5,3.1308,777.9000000000001,761.1999999999999,2.1468,15105,9930,34.2602,https://aoe2war.com/radio,https://aoe2war.com/radio
sitemap,/replay-parser,200,200,240.7,197.8,17.823,1700,1004,40.9412,1700,1004,40.9412,0.0001,0.0001,0,0,0,,768891,630646,17.9798,69,46,-23,577.0999999999999,580.2,-0.5372,763.9,581.2,23.9167,12758,6103,52.1633,https://aoe2war.com/replay-parser,https://aoe2war.com/replay-parser
sitemap,/requests,200,200,217,209.6,3.4101,1232,1128,8.4416,1232,1128,8.4416,0.3173,0.0001,-0.3172,0,0,,752837,411884,45.2891,59,30,-29,634.3,577.4,8.9705,822.6999999999999,771.4,6.2356,18130,18007,0.6784,https://aoe2war.com/requests,https://aoe2war.com/requests
sitemap,/rivalries,200,200,1174.3,205.8,82.4747,2836,1204,57.5458,2836,1204,57.5458,0.0001,0.1923,0.1922,0,0,,794556,623547,21.5226,61,40,-21,1333.8000000000002,590.1999999999999,55.7505,1708.5,1536.3,10.079,57882,31957,44.7894,https://aoe2war.com/rivalries,https://aoe2war.com/rivalries
sitemap,/staking,200,200,928.2,227.5,75.4902,2648,964,63.5952,2648,964,63.5952,0.0001,0.0001,0,0,0,,2220553,2081226,6.2744,70,49,-21,685.3000000000001,615.7,10.1561,873.6,817.3000000000001,6.4446,34988,28677,18.0376,https://aoe2war.com/staking,https://aoe2war.com/staking
sitemap,/statistics,200,200,206.5,217,-5.0847,1708,1020,40.281,1708,1020,40.281,0.0001,0.0001,0,0,0,,745583,589316,20.959,62,35,-27,573.4,577.8,-0.7674,760.1,578.6,23.8784,12694,5984,52.8596,https://aoe2war.com/statistics,https://aoe2war.com/statistics
sitemap,/traffic,200,200,194.4,194.5,-0.0514,2360,1172,50.339,2360,1172,50.339,0.0007,0.0007,0,0,0,,752792,596929,20.7047,62,35,-27,579.0999999999999,571.6999999999999,1.2778,764.5999999999999,573,25.0589,12683,5987,52.7951,https://aoe2war.com/traffic,https://aoe2war.com/traffic
sitemap,/war-chest,200,200,879.6,534.2,39.2678,3160,1548,51.0127,3160,1680,46.8354,0.0001,0.0001,0,0,0,,770371,490830,36.2865,63,41,-22,761.3,594.4000000000001,21.923,1145.2,981.6,14.2857,45016,38952,13.4708,https://aoe2war.com/war-chest,https://aoe2war.com/war-chest
sitemap,/watch,200,200,284.5,197,30.7557,2360,1140,51.6949,2360,1140,51.6949,0.0001,0.0001,0,0,0,,747807,657016,12.141,63,42,-21,637.5999999999999,596.8,6.399,830.3000000000001,789.5,4.9139,19437,13590,30.0818,https://aoe2war.com/watch,https://aoe2war.com/watch
sitemap,/wolo,200,200,213.6,206.2,3.4644,2036,1156,43.222,2036,1200,41.0609,0.0001,0.0002,0.0001,0,0,,659353,657879,0.2236,52,48,-4,605.8,600.7,0.8419,792.1,763.9,3.5602,16930,10750,36.5032,https://aoe2war.com/wolo,https://aoe2war.com/wolo
sitemap,/wolochain,200,200,506.8,195.3,61.4641,4128,2704,34.4961,4128,2704,34.4961,0.0001,0.0001,0,0,0,,1466052,1371149,6.4734,70,49,-21,574.7,573,0.2958,762.5,759.8000000000001,0.3541,20404,12476,38.8551,https://aoe2war.com/wolochain,https://aoe2war.com/wolochain
sitemap,/wolomania,200,200,195.6,195.9,-0.1534,3668,5580,-52.1265,3668,5580,-52.1265,0.0001,0.0001,0,0,0,,2716636,2557092,5.8729,68,44,-24,574.6,569.9,0.818,763.2,757,0.8124,18817,12409,34.0543,https://aoe2war.com/wolomania,https://aoe2war.com/wolomania
sitemap,/workshop,200,200,228,214.6,5.8772,1440,1204,16.3889,1440,1204,16.3889,0.0001,0.0001,0,0,0,,1168962,990069,15.3036,65,37,-28,642.5,594.5,7.4708,1015.6,967.6,4.7263,52583,47714,9.2596,https://aoe2war.com/workshop,https://aoe2war.com/workshop
sitemap,/zodiac,200,200,1413.9,223.9,84.1644,2920,1208,58.6301,2936,1676,42.9155,0.0001,0.0001,0,0,0,,849399,696294,18.0251,65,38,-27,1615.3999999999999,597.0999999999999,63.037,1804.8999999999999,1023.7,43.2822,24087,19044,20.9366,https://aoe2war.com/zodiac,https://aoe2war.com/zodiac
public-extra,/app,200,200,193.2,200.6,-3.8302,1560,1028,34.1026,1560,1028,34.1026,0.0001,0.0001,0,0,0,,762203,689968,9.4771,71,54,-17,571.2,574.7,-0.6127,768.7,578.4,24.7561,15010,9210,38.6409,https://aoe2war.com/app,https://aoe2war.com/app
public-extra,/connect-wallet,200,200,182.4,193.8,-6.25,1404,1160,17.3789,1404,1160,17.3789,0.0001,0.0001,0,0,0,,706034,566046,19.8274,60,37,-23,795.9000000000001,571.3000000000001,28.2196,875.7,571.5,34.7379,12742,6030,52.6762,https://aoe2war.com/connect-wallet,https://aoe2war.com/connect-wallet
public-extra,/contact-emaren,200,200,520.5,204.1,60.7877,1556,1144,26.4781,1556,1144,26.4781,0.0001,0.0001,0,0,0,,560088,441893,21.1029,59,33,-26,597.8,588.9,1.4888,752.4,760.8000000000001,-1.1164,11059,8497,23.1667,https://aoe2war.com/contact-emaren,https://aoe2war.com/contact-emaren
public-extra,/kingdom-forge,200,200,208.1,208,0.0481,1908,1216,36.2683,2316,1256,45.7686,0.0001,0.0001,0,0,0,,1090231,937127,14.0433,64,36,-28,591.1999999999999,592.1999999999999,-0.1691,779.8000000000001,764.4,1.9749,16981,11310,33.3961,https://aoe2war.com/kingdom-forge,https://aoe2war.com/kingdom-forge
public-extra,/offline,200,200,192.8,193.6,-0.4149,1384,1012,26.8786,1384,1012,26.8786,0.0001,0.0001,0,0,0,,762029,644091,15.4768,69,49,-20,576.6,569.1,1.3007,762.9,570.4,25.2327,13339,6462,51.5556,https://aoe2war.com/offline,https://aoe2war.com/offline
public-extra,/oracle,200,200,234.9,208.7,11.1537,1492,1044,30.0268,1492,1100,26.2735,0.0001,0.0001,0,0,0,,853838,734813,13.94,63,43,-20,633.8000000000001,591.1999999999999,6.7214,821,778,5.2375,21861,16941,22.5058,https://aoe2war.com/oracle,https://aoe2war.com/oracle
public-extra,/past-earnings,200,200,435,195.7,55.0115,1644,980,40.3893,1644,1400,14.8418,0.0001,0.0001,0,0,0,,718644,564663,21.4266,64,40,-24,572.6,569.5,0.5414,759.1999999999999,570,24.921,12628,5938,52.9775,https://aoe2war.com/past-earnings,https://aoe2war.com/past-earnings
public-extra,/profile,200,200,211.4,178.4,15.6102,1404,1012,27.9202,1404,1508,-7.4074,0.0478,0.0394,-0.0084,0,0,,763370,625797,18.0218,68,47,-21,576.7,571.5,0.9017,764.9,571.8,25.2451,13231,6010,54.5764,https://aoe2war.com/profile,https://aoe2war.com/profile
public-extra,/round-chamber,200,200,214,206.1,3.6916,1844,1008,45.3362,1844,1908,-3.4707,0.0001,0.0001,0,0,0,,914017,759474,16.9081,64,37,-27,587.4,589.6,-0.3745,772.4,758.4,1.8125,15997,10636,33.5125,https://aoe2war.com/round-chamber,https://aoe2war.com/round-chamber
public-extra,/settings,200,200,192.1,193.2,-0.5726,1556,972,37.5321,1556,1520,2.3136,0.0001,0.0001,0,0,0,,718975,564295,21.514,64,40,-24,574.1,569.2,0.8535,756.5,570.2,24.6266,12619,5930,53.0074,https://aoe2war.com/settings,https://aoe2war.com/settings
public-extra,/speed,200,200,188.1,194.5,-3.4024,2684,1216,54.6945,2684,1216,54.6945,0.0029,0.0025,-0.0004,0,0,,711347,557210,21.6683,60,33,-27,578.5,577.3000000000001,0.2074,766.3,578,24.5726,14638,7967,45.5732,https://aoe2war.com/speed,https://aoe2war.com/speed
public-extra,/submit,200,200,192.8,184.3,4.4087,3220,1208,62.4845,3220,1208,62.4845,0.0001,0.0001,0,0,0,,706627,552249,21.8472,59,32,-27,577.0999999999999,571,1.057,763.4,571.5,25.1375,13784,6840,50.3772,https://aoe2war.com/submit,https://aoe2war.com/submit
public-extra,/upload,200,200,192.1,185.7,3.3316,1952,1172,39.959,1952,1540,21.1066,0.0001,0.0001,0,0,0,,707721,554342,21.6722,59,34,-25,565.9,573,-1.2546,751.4,573.5,23.6758,13009,6362,51.0954,https://aoe2war.com/upload,https://aoe2war.com/upload
public-extra,/wallet,200,200,191.7,187.8,2.0344,1564,1076,31.202,2364,2616,-10.6599,0.0064,0.0001,-0.0063,0,0,,708463,570747,19.4387,60,38,-22,576.9,577.5,-0.104,761.1,578.0999999999999,24.0441,12831,6083,52.5914,https://aoe2war.com/wallet,https://aoe2war.com/wallet
public-extra,/war-engine,200,200,226.5,205.6,9.2274,936,1036,-10.6838,936,1064,-13.6752,0.0001,0.0001,0,0,0,,742269,588675,20.6925,60,32,-28,612.6,577.3000000000001,5.7623,798.8,765.1,4.2188,17986,12552,30.2124,https://aoe2war.com/war-engine,https://aoe2war.com/war-engine
dynamic,/bets/562774,200,200,235.4,183.5,22.0476,1876,1144,39.0192,1876,1144,39.0192,0.0001,0.0001,0,0,0,,744975,653491,12.2801,61,41,-20,607.8,598.6,1.5137,794.4,785.8000000000001,1.0826,20008,16202,19.0224,https://aoe2war.com/bets/562774,https://aoe2war.com/bets/562774
dynamic,/challenge/24,200,200,275.9,219.4,20.4784,1436,1200,16.4345,1436,1244,13.3705,0.0001,0.0001,0,0,0,,776836,613913,20.9726,62,36,-26,613.5,608,0.8965,800.1,819.3000000000001,-2.3997,20639,14997,27.3366,https://aoe2war.com/challenge/24,https://aoe2war.com/challenge/24
dynamic,/champions/world,200,200,868.1,210.7,75.7286,2852,1436,49.6494,2852,2212,22.4404,0.0001,0.0001,0,0,0,,884923,791424,10.5658,65,46,-19,1748.3,603.6,65.475,1938.5,1261.4,34.9291,18794,14008,25.4656,https://aoe2war.com/champions/world,https://aoe2war.com/champions/world
dynamic,/clans/mystikal,200,200,237.4,208.2,12.2999,1288,1140,11.4907,1288,1184,8.0745,0.0001,0.1815,0.1814,0,0,,624132,471868,24.3961,64,38,-26,607.1,588.3000000000001,3.0967,793.2,772.8000000000001,2.5719,16713,11949,28.5048,https://aoe2war.com/clans/mystikal,https://aoe2war.com/clans/mystikal
dynamic,/forum/thread/wolo-chronicles-001-the-kingdom-has-no-pause-button,200,200,331.5,204.1,38.4314,1660,1148,30.8434,1660,1156,30.3614,0.0001,0.0001,0,0,0,,755611,617843,18.2327,63,39,-24,633.1999999999999,596.7,5.7644,821.3000000000001,783.5999999999999,4.5903,29102,24228,16.748,https://aoe2war.com/forum/thread/wolo-chronicles-001-the-kingdom-has-no-pause-button,https://aoe2war.com/forum/thread/wolo-chronicles-001-the-kingdom-has-no-pause-button
dynamic,/game-stats/16218,200,200,250.9,202.3,19.3703,1632,1116,31.6176,1632,1116,31.6176,0.0002,0.2289,0.2287,0,0,,761300,609247,19.9728,73,47,-26,623.8000000000001,577.7,7.3902,801.4,765.1,4.5296,21020,15807,24.8002,https://aoe2war.com/game-stats/16218,https://aoe2war.com/game-stats/16218
dynamic,/game-stats/16218/review,200,200,464,204.7,55.8836,1688,1204,28.673,1688,1616,4.2654,0.411,0.0002,-0.4108,0,0,,788660,620181,21.3627,70,37,-33,602.8,578.7,3.998,769.2,759.4,1.2741,13264,7645,42.3628,https://aoe2war.com/game-stats/16218/review,https://aoe2war.com/game-stats/16218/review
dynamic,/game-stats/live/platform%3Ada0072cb-9276-7a40-bd22-e5174643a611,200,200,551.6,316.7,42.5852,1984,1284,35.2823,1984,1308,34.0726,0.0001,0.0001,0,0,0,,811500,478641,41.0177,64,36,-28,790.3,590.4000000000001,25.2942,979.6,780.5999999999999,20.3144,22078,17921,18.8287,https://aoe2war.com/game-stats/live/platform%3Ada0072cb-9276-7a40-bd22-e5174643a611,https://aoe2war.com/game-stats/live/platform%3Ada0072cb-9276-7a40-bd22-e5174643a611
dynamic,/matchups/c_u_0df73bdbb64646c19e4a9bfd225b3285/n_Seedy_SI69,200,200,822.1,202,75.4288,2568,1192,53.5826,2568,1200,53.271,0.0001,0.0001,0,0,0,,742640,590245,20.5207,63,36,-27,1083.1,591.9,45.3513,1271.2,1046.2,17.6998,18176,13003,28.4606,https://aoe2war.com/matchups/c_u_0df73bdbb64646c19e4a9bfd225b3285/n_Seedy_SI69,https://aoe2war.com/matchups/c_u_0df73bdbb64646c19e4a9bfd225b3285/n_Seedy_SI69
dynamic,/matchups/team/WyJjX3VfMGRmNzNiZGJiNjQ2NDZjMTllNGE5YmZkMjI1YjMyODUiLCJjX3VfMTc4MTYzODQzNjFmNGM4YThkNTdjNjkzNDI2NTEwMGIiLCJuX2NvcHBlcl9oZWFkX3JvYWQiXQ/WyJuX2Nhcmxvc2lzbSIsIm5fUm9NYV9WaWNUb1JfIiwibl9UYW5rVG9wTWFzdGVyIl0,200,200,808.5,226.6,71.9728,2816,1216,56.8182,2816,1224,56.5341,0.0001,0.0001,0,0,0,,744850,593423,20.3299,66,39,-27,1053.1,593.6,43.6331,1243.4,779.5999999999999,37.3009,20061,14646,26.9927,https://aoe2war.com/matchups/team/WyJjX3VfMGRmNzNiZGJiNjQ2NDZjMTllNGE5YmZkMjI1YjMyODUiLCJjX3VfMTc4MTYzODQzNjFmNGM4YThkNTdjNjkzNDI2NTEwMGIiLCJuX2NvcHBlcl9oZWFkX3JvYWQiXQ/WyJuX2Nhcmxvc2lzbSIsIm5fUm9NYV9WaWNUb1JfIiwibl9UYW5rVG9wTWFzdGVyIl0,https://aoe2war.com/matchups/team/WyJjX3VfMGRmNzNiZGJiNjQ2NDZjMTllNGE5YmZkMjI1YjMyODUiLCJjX3VfMTc4MTYzODQzNjFmNGM4YThkNTdjNjkzNDI2NTEwMGIiLCJuX2NvcHBlcl9oZWFkX3JvYWQiXQ/WyJuX2Nhcmxvc2lzbSIsIm5fUm9NYV9WaWNUb1JfIiwibl9UYW5rVG9wTWFzdGVyIl0
dynamic,/oracle/three-thousand-citizens,200,200,229.7,209.1,8.9682,1224,1176,3.9216,1224,1200,1.9608,0.0001,0.0001,0,0,0,,787782,608296,22.7837,63,35,-28,625.5,592.1999999999999,5.3237,804,789.8,1.7662,19535,14813,24.172,https://aoe2war.com/oracle/three-thousand-citizens,https://aoe2war.com/oracle/three-thousand-citizens
dynamic,/players/u_626ea6497a984dabbc2338ef54c5d333,200,200,2393.9,210.4,91.211,3620,1192,67.0718,3620,1192,67.0718,0.0001,0.3267,0.3266,0,0,,842724,681625,19.1165,82,58,-24,3116.7,593.5,80.9574,3305.1,1660.9,49.7474,30600,25361,17.1209,https://aoe2war.com/players/u_626ea6497a984dabbc2338ef54c5d333,https://aoe2war.com/players/u_626ea6497a984dabbc2338ef54c5d333
dynamic,/players/by-name/Emaren,200,200,1672.9,198,88.1643,3080,948,69.2208,3080,948,69.2208,0.0001,0.3267,0.3266,0,0,,840821,1069138,-27.1541,82,87,5,2145.2,584.3000000000001,72.7624,2495.8,754.5,69.7692,30600,7655,74.9837,https://aoe2war.com/players/u_626ea6497a984dabbc2338ef54c5d333,https://aoe2war.com/players/u_626ea6497a984dabbc2338ef54c5d333
dynamic,/staking/stakers/jim,200,200,232.7,206.3,11.3451,1256,852,32.1656,1256,852,32.1656,0.0001,0.0001,0,0,0,,754883,611655,18.9735,61,38,-23,621.1999999999999,573.3000000000001,7.7109,803.8,773,3.8318,19095,14501,24.0587,https://aoe2war.com/staking/stakers/jim,https://aoe2war.com/staking/stakers/jim
dynamic,/tournaments/aoe2hd-community-builders-cup,200,200,266.2,201.2,24.4177,1352,1140,15.6805,1352,1156,14.497,0.0015,0.0015,0,0,0,,744992,654326,12.1701,61,41,-20,615.9,581.9,5.5204,797.1,768.7,3.5629,22355,16881,24.4867,https://aoe2war.com/tournaments/aoe2hd-community-builders-cup,https://aoe2war.com/tournaments/aoe2hd-community-builders-cup
dynamic,/watch/platform%3Ada0072cb-9276-7a40-bd22-e5174643a611,200,200,401.7,209.8,47.772,1436,988,31.1978,1436,1016,29.2479,0.0001,0.0001,0,0,0,,756080,602689,20.2877,65,37,-28,762.5999999999999,589.1999999999999,22.738,952.6,885.5,7.0439,19338,13328,31.0787,https://aoe2war.com/watch/platform%3Ada0072cb-9276-7a40-bd22-e5174643a611,https://aoe2war.com/watch/platform%3Ada0072cb-9276-7a40-bd22-e5174643a611
